frame,bannerLevel,activeLeadId,ttc
1,SAFE,-1,inf
2,SAFE,-1,inf
3,SAFE,-1,inf
4,SAFE,-1,inf
5,SAFE,-1,inf
6,SAFE,-1,inf
7,SAFE,-1,inf
8,SAFE,-1,inf
9,SAFE,-1,inf
10,SAFE,-1,inf
11,SAFE,-1,inf
12,SAFE,-1,inf
13,SAFE,-1,inf
14,SAFE,-1,inf
15,SAFE,-1,inf
16,SAFE,-1,inf
17,SAFE,1,inf
18,SAFE,1,inf
19,SAFE,1,inf
20,SAFE,1,inf
21,SAFE,1,inf
22,SAFE,1,inf
23,SAFE,1,inf
24,SAFE,1,inf
25,SAFE,1,inf
26,SAFE,1,inf
27,SAFE,1,inf
28,SAFE,1,33.808
29,SAFE,1,19.742
30,SAFE,1,13.311
31,SAFE,1,9.709
32,SAFE,1,20.013
33,SAFE,1,inf
34,SAFE,1,inf
35,SAFE,1,inf
36,SAFE,1,inf
37,SAFE,1,inf
38,SAFE,1,inf
39,SAFE,1,inf
40,SAFE,1,inf
41,SAFE,1,inf
42,SAFE,1,inf
43,SAFE,1,inf
44,SAFE,1,inf
45,SAFE,1,inf
46,SAFE,1,inf
47,SAFE,1,33.066
48,SAFE,1,21.019
49,SAFE,1,16.257
50,SAFE,1,13.880
51,SAFE,1,32.436
52,SAFE,1,inf
53,SAFE,1,inf
54,SAFE,1,inf
55,SAFE,1,inf
56,SAFE,1,inf
57,SAFE,1,inf
58,SAFE,1,inf
59,SAFE,1,inf
60,SAFE,1,inf
61,SAFE,1,inf
62,SAFE,1,inf
63,SAFE,1,inf
64,SAFE,1,46.026
65,SAFE,1,16.760
66,SAFE,1,21.864
67,SAFE,1,inf
68,SAFE,1,inf
69,SAFE,1,inf
70,SAFE,1,inf
71,SAFE,1,inf
72,SAFE,1,inf
73,SAFE,1,inf
74,SAFE,1,inf
75,SAFE,1,inf
76,SAFE,1,inf
77,SAFE,1,inf
78,SAFE,1,inf
79,SAFE,1,inf
80,SAFE,1,inf
81,SAFE,1,inf
82,SAFE,1,inf
83,SAFE,1,inf
84,SAFE,1,inf
85,SAFE,1,17.210
86,SAFE,1,13.141
87,SAFE,1,15.148
88,SAFE,1,19.076
89,SAFE,1,25.754
90,SAFE,1,12.422
91,SAFE,1,14.224
92,SAFE,1,17.668
93,SAFE,1,25.389
94,SAFE,1,23.557
95,SAFE,1,25.902
96,SAFE,1,35.901
97,SAFE,1,15.277
98,SAFE,1,20.921
99,SAFE,1,12.740
100,SAFE,1,9.158
101,SAFE,1,8.873
102,SAFE,1,8.864
103,SAFE,1,9.130
104,SAFE,1,13.376
105,SAFE,1,16.348
106,SAFE,1,22.636
107,SAFE,1,21.348
108,SAFE,1,23.355
109,SAFE,1,16.867
110,SAFE,1,13.801
111,SAFE,1,12.145
112,SAFE,1,11.245
113,SAFE,1,10.843
114,SAFE,1,10.843
115,SAFE,1,11.245
116,SAFE,1,16.867
117,SAFE,1,33.735
118,SAFE,1,inf
119,SAFE,1,inf
120,SAFE,1,inf
121,SAFE,1,inf
122,SAFE,1,inf
123,SAFE,1,inf
124,SAFE,1,inf
125,SAFE,1,inf
126,SAFE,1,inf
127,SAFE,1,inf
128,SAFE,1,21.443
129,SAFE,1,10.722
130,SAFE,1,8.558
131,SAFE,1,8.520
132,SAFE,1,10.626
133,SAFE,1,21.253
134,SAFE,1,inf
135,SAFE,1,inf
136,SAFE,1,inf
137,SAFE,1,inf
138,SAFE,1,inf
139,SAFE,1,inf
140,SAFE,1,inf
141,SAFE,1,inf
142,SAFE,1,inf
143,SAFE,1,28.697
144,SAFE,1,9.132
145,SAFE,1,7.421
146,SAFE,1,6.250
147,SAFE,1,5.521
148,SAFE,1,5.114
149,SAFE,1,4.920
150,SAFE,1,5.517
151,SAFE,1,4.852
152,SAFE,1,8.828
153,SAFE,1,14.203
154,SAFE,1,18.125
155,SAFE,1,27.288
156,SAFE,1,24.287
157,SAFE,1,21.881
158,SAFE,1,19.908
159,SAFE,1,12.966
160,SAFE,1,19.191
161,SAFE,1,42.020
162,SAFE,1,inf
163,SAFE,1,inf
164,SAFE,1,32.893
165,SAFE,1,inf
166,SAFE,1,39.372
167,SAFE,1,19.474
168,SAFE,1,8.785
169,SAFE,1,9.024
170,SAFE,1,12.159
171,SAFE,1,18.632
172,SAFE,1,39.841
173,SAFE,1,inf
174,SAFE,1,inf
175,SAFE,1,inf
176,SAFE,1,inf
177,SAFE,1,inf
178,SAFE,1,inf
179,SAFE,1,inf
180,SAFE,1,inf
181,SAFE,1,inf
182,SAFE,1,inf
183,SAFE,1,inf
184,SAFE,1,44.708
185,SAFE,1,34.773
186,SAFE,1,inf
187,SAFE,1,inf
188,SAFE,1,28.985
189,SAFE,1,18.599
190,SAFE,1,19.739
191,SAFE,1,36.102
192,SAFE,1,inf
193,SAFE,1,inf
194,SAFE,1,inf
195,SAFE,1,inf
196,SAFE,1,inf
197,SAFE,1,inf
198,SAFE,1,inf
199,SAFE,1,inf
200,SAFE,1,27.850
201,SAFE,1,33.551
202,SAFE,1,21.705
203,SAFE,1,11.473
204,SAFE,1,9.387
205,SAFE,1,9.967
206,SAFE,1,15.481
207,SAFE,1,44.708
208,SAFE,1,inf
209,SAFE,1,inf
210,SAFE,1,inf
211,SAFE,1,inf
212,SAFE,1,inf
213,SAFE,1,inf
214,SAFE,1,inf
215,SAFE,1,inf
216,SAFE,1,inf
217,SAFE,1,inf
218,SAFE,1,inf
219,SAFE,1,inf
220,SAFE,1,17.758
221,SAFE,1,14.435
222,SAFE,1,16.701
223,SAFE,1,13.151
224,SAFE,1,15.006
225,SAFE,1,18.504
226,SAFE,1,15.671
227,SAFE,1,20.823
228,SAFE,1,34.440
229,SAFE,1,inf
230,SAFE,1,inf
231,SAFE,1,inf
232,SAFE,1,inf
233,SAFE,1,inf
234,SAFE,1,inf
235,SAFE,1,inf
236,SAFE,1,inf
237,SAFE,1,inf
238,SAFE,1,inf
239,SAFE,1,inf
240,SAFE,1,inf
241,SAFE,1,inf
242,SAFE,1,inf
243,SAFE,1,inf
244,SAFE,1,43.801
245,SAFE,1,inf
246,SAFE,1,inf
247,SAFE,1,inf
248,SAFE,1,inf
249,SAFE,1,inf
250,SAFE,1,inf
251,SAFE,1,inf
252,SAFE,1,inf
253,SAFE,1,inf
254,SAFE,1,46.439
255,SAFE,1,20.069
256,SAFE,1,13.330
257,SAFE,1,10.298
258,SAFE,1,10.596
259,SAFE,1,8.821
260,SAFE,1,9.300
261,SAFE,1,10.220
262,SAFE,1,16.624
263,SAFE,1,24.400
264,SAFE,1,inf
265,SAFE,1,inf
266,SAFE,1,inf
267,SAFE,1,inf
268,SAFE,1,inf
269,SAFE,1,inf
270,SAFE,1,inf
271,SAFE,1,inf
272,SAFE,1,inf
273,SAFE,1,inf
274,SAFE,1,27.307
275,SAFE,1,18.277
276,SAFE,1,10.928
277,SAFE,1,12.601
278,SAFE,1,11.245
279,SAFE,1,8.361
280,SAFE,1,9.868
281,SAFE,1,17.167
282,SAFE,1,inf
283,SAFE,1,inf
284,SAFE,1,inf
285,SAFE,1,inf
286,SAFE,1,inf
287,SAFE,1,inf
288,SAFE,1,inf
289,SAFE,1,inf
290,SAFE,1,inf
291,SAFE,1,inf
292,SAFE,1,inf
293,SAFE,1,inf
294,SAFE,1,21.487
295,SAFE,1,14.650
296,SAFE,1,11.592
297,SAFE,1,10.188
298,SAFE,1,9.623
299,SAFE,1,9.655
300,SAFE,1,8.202
301,SAFE,1,7.285
302,SAFE,1,8.015
303,SAFE,1,9.421
304,SAFE,1,16.582
305,SAFE,1,inf
306,SAFE,1,inf
307,SAFE,1,inf
308,SAFE,1,inf
309,SAFE,1,inf
310,SAFE,1,inf
311,SAFE,1,inf
312,SAFE,1,inf
313,SAFE,1,inf
314,SAFE,1,inf
315,SAFE,1,inf
316,SAFE,1,inf
317,SAFE,1,inf
318,SAFE,1,32.505
319,SAFE,1,29.451
320,SAFE,1,inf
321,SAFE,1,inf
322,SAFE,1,inf
323,SAFE,-1,inf
324,SAFE,-1,inf
325,SAFE,-1,inf
326,SAFE,-1,inf
327,SAFE,-1,inf
328,SAFE,-1,inf
329,SAFE,-1,inf
330,SAFE,-1,inf
331,SAFE,-1,inf
332,SAFE,-1,inf
333,SAFE,-1,inf
334,SAFE,-1,inf
335,SAFE,-1,inf
336,SAFE,-1,inf
337,SAFE,-1,inf
338,SAFE,-1,inf
339,SAFE,32,inf
340,SAFE,32,inf
341,SAFE,32,inf
342,SAFE,32,inf
343,SAFE,32,inf
344,SAFE,32,inf
345,SAFE,32,13.012
346,SAFE,32,13.012
347,SAFE,32,44.729
348,SAFE,32,inf
349,SAFE,32,inf
350,SAFE,32,inf
351,SAFE,32,inf
352,SAFE,32,inf
353,SAFE,32,inf
354,SAFE,32,inf
355,SAFE,32,inf
356,SAFE,32,inf
357,SAFE,32,inf
358,SAFE,32,inf
359,SAFE,32,inf
360,SAFE,32,inf
361,SAFE,32,inf
362,SAFE,32,inf
363,SAFE,32,inf
364,SAFE,32,inf
365,SAFE,32,inf
366,SAFE,32,inf
367,SAFE,32,inf
368,SAFE,32,inf
369,SAFE,32,inf
370,SAFE,32,inf
371,SAFE,32,inf
372,SAFE,32,inf
373,SAFE,32,inf
374,SAFE,32,inf
375,SAFE,32,inf
376,SAFE,32,inf
377,SAFE,32,inf
378,SAFE,32,inf
379,SAFE,32,inf
380,SAFE,32,inf
381,SAFE,32,inf
382,SAFE,32,inf
383,SAFE,32,inf
384,SAFE,32,inf
385,SAFE,32,inf
386,SAFE,32,inf
387,SAFE,32,inf
388,SAFE,32,inf
389,SAFE,32,inf
390,SAFE,32,inf
391,SAFE,32,inf
392,SAFE,32,inf
393,SAFE,32,inf
394,SAFE,32,inf
395,SAFE,32,inf
396,SAFE,32,inf
397,SAFE,32,inf
398,SAFE,32,inf
399,SAFE,32,39.797
400,SAFE,32,inf
401,SAFE,32,34.000
402,SAFE,32,22.372
403,SAFE,32,inf
404,SAFE,32,inf
405,SAFE,32,inf
406,SAFE,32,inf
407,SAFE,32,inf
408,SAFE,32,inf
409,SAFE,32,inf
410,SAFE,32,inf
411,SAFE,32,inf
412,SAFE,32,inf
413,SAFE,32,inf
414,SAFE,32,inf
415,SAFE,32,inf
416,SAFE,32,inf
417,SAFE,32,inf
418,SAFE,32,inf
419,SAFE,32,inf
420,SAFE,32,inf
421,SAFE,32,inf
422,SAFE,32,inf
423,SAFE,32,inf
424,SAFE,32,16.788
425,SAFE,32,8.993
426,SAFE,32,6.292
427,SAFE,32,6.982
428,SAFE,32,5.464
429,SAFE,32,6.274
430,SAFE,32,7.594
431,SAFE,32,7.861
432,SAFE,32,11.422
433,SAFE,32,22.806
434,SAFE,32,inf
435,SAFE,32,inf
436,SAFE,32,inf
437,SAFE,32,inf
438,SAFE,32,inf
439,SAFE,32,inf
440,SAFE,32,inf
441,SAFE,32,inf
442,SAFE,32,inf
443,SAFE,32,inf
444,SAFE,32,inf
445,SAFE,32,inf
446,SAFE,32,inf
447,SAFE,32,inf
448,SAFE,32,inf
449,SAFE,32,23.821
450,SAFE,32,12.047
451,SAFE,32,15.066
452,SAFE,32,18.539
453,SAFE,32,24.094
454,SAFE,32,inf
455,SAFE,32,inf
456,SAFE,32,inf
457,SAFE,32,inf
458,SAFE,32,inf
459,SAFE,32,inf
460,SAFE,32,inf
461,SAFE,32,inf
462,SAFE,32,inf
463,SAFE,32,inf
464,SAFE,32,inf
465,SAFE,32,inf
466,SAFE,32,inf
467,SAFE,32,inf
468,SAFE,32,inf
469,SAFE,32,inf
470,SAFE,32,inf
471,SAFE,32,39.701
472,SAFE,32,19.851
473,SAFE,32,13.234
474,SAFE,32,9.925
475,SAFE,32,10.828
476,SAFE,32,12.537
477,SAFE,32,29.776
478,SAFE,32,inf
479,SAFE,32,41.530
480,SAFE,32,inf
481,SAFE,32,inf
482,SAFE,32,inf
483,SAFE,32,inf
484,SAFE,32,inf
485,SAFE,32,inf
486,SAFE,32,inf
487,SAFE,32,inf
488,SAFE,32,inf
489,SAFE,32,inf
490,SAFE,32,inf
491,SAFE,32,inf
492,SAFE,32,inf
493,SAFE,32,inf
494,SAFE,32,inf
495,SAFE,32,inf
496,SAFE,32,inf
497,SAFE,32,inf
498,SAFE,32,inf
499,SAFE,32,inf
500,SAFE,32,inf
501,SAFE,32,inf
502,SAFE,32,inf
503,SAFE,32,inf
504,SAFE,32,inf
505,SAFE,32,inf
506,SAFE,32,inf
507,SAFE,32,inf
508,SAFE,32,inf
509,SAFE,32,inf
510,SAFE,32,inf
511,SAFE,32,inf
512,SAFE,32,inf
513,SAFE,32,inf
514,SAFE,32,inf
515,SAFE,32,inf
516,SAFE,32,38.144
517,SAFE,32,25.429
518,SAFE,32,19.072
519,SAFE,32,32.695
520,SAFE,32,25.429
521,SAFE,32,inf
522,SAFE,32,inf
523,SAFE,32,inf
524,SAFE,32,inf
525,SAFE,32,inf
526,SAFE,32,inf
527,SAFE,32,32.320
528,SAFE,32,27.627
529,SAFE,32,24.125
530,SAFE,32,21.410
531,SAFE,32,19.245
532,SAFE,32,17.477
533,SAFE,32,16.007
534,SAFE,32,14.765
535,SAFE,32,13.701
536,SAFE,32,inf
537,SAFE,32,inf
538,SAFE,32,inf
539,SAFE,32,inf
540,SAFE,32,inf
541,SAFE,32,inf
542,SAFE,32,inf
543,SAFE,32,inf
544,SAFE,32,34.030
545,SAFE,32,18.324
546,SAFE,32,21.655
547,SAFE,32,14.888
548,SAFE,32,11.910
549,SAFE,32,14.888
550,SAFE,32,19.851
551,SAFE,32,29.776
552,SAFE,32,inf
553,SAFE,32,34.030
554,SAFE,32,26.467
555,SAFE,32,inf
556,SAFE,32,inf
557,SAFE,32,inf
558,SAFE,32,inf
559,SAFE,32,inf
560,SAFE,32,inf
561,SAFE,32,inf
562,SAFE,32,inf
563,SAFE,32,inf
564,SAFE,32,inf
565,SAFE,32,inf
566,SAFE,32,inf
567,SAFE,32,inf
568,SAFE,32,inf
569,SAFE,32,inf
570,SAFE,32,inf
571,SAFE,32,inf
572,SAFE,32,inf
573,SAFE,32,inf
574,SAFE,32,34.030
575,SAFE,-1,inf
576,SAFE,-1,inf
577,SAFE,-1,inf
578,SAFE,-1,inf
579,SAFE,-1,inf
580,SAFE,-1,inf
581,SAFE,-1,inf
582,SAFE,-1,inf
583,SAFE,-1,inf
584,SAFE,-1,inf
585,SAFE,-1,inf
586,SAFE,-1,inf
587,SAFE,-1,inf
588,SAFE,-1,inf
589,SAFE,-1,inf
590,SAFE,-1,inf
591,SAFE,-1,inf
592,SAFE,-1,inf
593,SAFE,-1,inf
594,SAFE,-1,inf
595,SAFE,-1,inf
596,SAFE,-1,inf
597,SAFE,-1,inf
598,SAFE,-1,inf
599,SAFE,-1,inf
600,SAFE,-1,inf
601,SAFE,-1,inf
602,SAFE,-1,inf
603,SAFE,-1,inf
604,SAFE,-1,inf
605,SAFE,-1,inf
606,SAFE,-1,inf
607,SAFE,-1,inf
608,SAFE,-1,inf
609,SAFE,-1,inf
610,SAFE,-1,inf
611,SAFE,-1,inf
612,SAFE,-1,inf
613,SAFE,-1,inf
614,SAFE,-1,inf
615,SAFE,-1,inf
616,SAFE,-1,inf
617,SAFE,-1,inf
618,SAFE,-1,inf
619,SAFE,-1,inf
620,SAFE,-1,inf
621,SAFE,-1,inf
622,SAFE,-1,inf
623,SAFE,-1,inf
624,SAFE,-1,inf
625,SAFE,-1,inf
626,SAFE,-1,inf
627,SAFE,-1,inf
628,SAFE,-1,inf
629,SAFE,-1,inf
630,SAFE,-1,inf
631,SAFE,-1,inf
632,SAFE,-1,inf
633,SAFE,-1,inf
634,SAFE,-1,inf
635,SAFE,-1,inf
636,SAFE,-1,inf
637,SAFE,-1,inf
638,SAFE,-1,inf
639,SAFE,-1,inf
640,SAFE,-1,inf
641,SAFE,-1,inf
642,SAFE,-1,inf
643,SAFE,-1,inf
644,SAFE,-1,inf
645,SAFE,-1,inf
646,SAFE,-1,inf
647,SAFE,-1,inf
648,SAFE,-1,inf
649,SAFE,-1,inf
650,SAFE,-1,inf
651,SAFE,-1,inf
652,SAFE,-1,inf
653,SAFE,-1,inf
654,SAFE,-1,inf
655,SAFE,-1,inf
656,SAFE,-1,inf
657,SAFE,-1,inf
658,SAFE,-1,inf
659,SAFE,-1,inf
660,SAFE,-1,inf
661,SAFE,-1,inf
662,SAFE,-1,inf
663,SAFE,-1,inf
664,SAFE,-1,inf
665,SAFE,-1,inf
666,SAFE,-1,inf
667,SAFE,-1,inf
668,SAFE,-1,inf
669,SAFE,-1,inf
670,SAFE,-1,inf
671,SAFE,-1,inf
672,SAFE,-1,inf
673,SAFE,-1,inf
674,SAFE,-1,inf
675,SAFE,-1,inf
676,SAFE,-1,inf
677,SAFE,-1,inf
678,SAFE,-1,inf
679,SAFE,-1,inf
680,SAFE,-1,inf
681,SAFE,-1,inf
682,SAFE,-1,inf
683,SAFE,-1,inf
684,SAFE,-1,inf
685,SAFE,-1,inf
686,SAFE,-1,inf
687,SAFE,-1,inf
688,SAFE,-1,inf
689,SAFE,-1,inf
690,SAFE,-1,inf
691,SAFE,-1,inf
692,SAFE,-1,inf
693,SAFE,-1,inf
694,SAFE,48,16.046
695,SAFE,48,14.507
696,SAFE,48,13.850
697,SAFE,48,17.117
698,SAFE,48,18.766
699,SAFE,48,17.779
700,SAFE,48,17.771
701,SAFE,48,18.303
702,SAFE,48,19.477
703,SAFE,48,17.292
704,SAFE,48,13.833
705,SAFE,48,12.218
706,SAFE,48,13.292
707,SAFE,48,13.057
708,SAFE,48,11.884
709,SAFE,48,10.153
710,SAFE,48,8.408
711,SAFE,48,7.519
712,SAFE,48,7.109
713,SAFE,48,6.548
714,SAFE,48,5.885
715,SAFE,48,5.961
716,SAFE,48,6.343
717,SAFE,48,7.163
718,SAFE,48,7.281
719,SAFE,48,7.136
720,SAFE,48,7.315
721,SAFE,48,8.756
722,SAFE,48,11.608
723,SAFE,48,13.037
724,SAFE,48,15.964
725,SAFE,48,17.712
726,SAFE,48,17.332
727,SAFE,48,18.389
728,SAFE,48,14.458
729,SAFE,48,11.154
730,SAFE,48,9.598
731,SAFE,48,8.867
732,SAFE,48,8.664
733,SAFE,48,8.048
734,SAFE,48,7.772
735,SAFE,48,7.209
736,SAFE,48,6.999
737,SAFE,48,7.196
738,SAFE,48,6.748
739,SAFE,48,6.724
740,SAFE,48,7.646
741,SAFE,48,8.508
742,SAFE,48,9.234
743,SAFE,48,9.646
744,SAFE,48,8.721
745,SAFE,48,7.718
746,SAFE,48,7.274
747,SAFE,48,6.766
748,SAFE,48,6.676
749,SAFE,48,6.972
750,SAFE,48,6.688
751,SAFE,48,6.387
752,SAFE,48,6.401
753,SAFE,48,5.601
754,SAFE,48,5.443
755,SAFE,48,5.849
756,SAFE,48,6.282
757,SAFE,48,6.705
758,SAFE,48,7.628
759,SAFE,48,7.999
760,SAFE,48,7.166
761,SAFE,-1,inf
762,SAFE,-1,inf
763,SAFE,48,5.484
764,SAFE,-1,inf
765,SAFE,-1,inf
766,SAFE,-1,inf
767,SAFE,-1,inf
768,SAFE,-1,inf
769,SAFE,-1,inf
770,SAFE,-1,inf
771,SAFE,-1,inf
772,SAFE,-1,inf
773,SAFE,-1,inf
774,SAFE,-1,inf
775,SAFE,-1,inf
776,SAFE,-1,inf
777,SAFE,-1,inf
778,SAFE,-1,inf
779,SAFE,-1,inf
780,SAFE,-1,inf
781,SAFE,-1,inf
782,SAFE,-1,inf
783,SAFE,-1,inf
784,SAFE,-1,inf
785,SAFE,-1,inf
786,SAFE,-1,inf
787,SAFE,-1,inf
788,SAFE,-1,inf
789,SAFE,-1,inf
790,SAFE,-1,inf
791,SAFE,-1,inf
792,SAFE,-1,inf
793,SAFE,-1,inf
794,SAFE,-1,inf
795,SAFE,-1,inf
796,SAFE,-1,inf
797,SAFE,-1,inf
798,SAFE,-1,inf
799,SAFE,-1,inf
800,SAFE,-1,inf
801,SAFE,-1,inf
802,SAFE,-1,inf
803,SAFE,-1,inf
804,SAFE,-1,inf
805,SAFE,-1,inf
806,SAFE,-1,inf
807,SAFE,-1,inf
808,SAFE,-1,inf
809,SAFE,-1,inf
810,SAFE,-1,inf
811,SAFE,-1,inf
812,SAFE,-1,inf
813,SAFE,-1,inf
814,SAFE,-1,inf
815,SAFE,-1,inf
816,SAFE,-1,inf
817,SAFE,-1,inf
818,SAFE,-1,inf
819,SAFE,-1,inf
820,SAFE,-1,inf
821,SAFE,-1,inf
822,SAFE,-1,inf
823,SAFE,-1,inf
824,SAFE,-1,inf
825,SAFE,-1,inf
826,SAFE,-1,inf
827,SAFE,-1,inf
828,SAFE,-1,inf
829,SAFE,-1,inf
830,SAFE,-1,inf
831,SAFE,-1,inf
832,SAFE,-1,inf
833,SAFE,-1,inf
834,SAFE,-1,inf
835,SAFE,-1,inf
836,SAFE,-1,inf
837,SAFE,-1,inf
838,SAFE,-1,inf
839,SAFE,-1,inf
840,SAFE,-1,inf
841,SAFE,-1,inf
842,SAFE,-1,inf
843,SAFE,-1,inf
844,SAFE,-1,inf
845,SAFE,-1,inf
846,SAFE,-1,inf
847,SAFE,-1,inf
848,SAFE,-1,inf
849,SAFE,-1,inf
850,SAFE,-1,inf
851,SAFE,-1,inf
852,SAFE,-1,inf
853,SAFE,-1,inf
854,SAFE,-1,inf
855,SAFE,-1,inf
856,SAFE,-1,inf
857,SAFE,-1,inf
858,SAFE,-1,inf
859,SAFE,-1,inf
860,SAFE,-1,inf
861,SAFE,-1,inf
862,SAFE,-1,inf
863,SAFE,-1,inf
864,SAFE,-1,inf
865,SAFE,-1,inf
866,SAFE,-1,inf
867,SAFE,-1,inf
868,SAFE,-1,inf
869,SAFE,-1,inf
870,SAFE,-1,inf
871,SAFE,-1,inf
872,SAFE,-1,inf
873,SAFE,-1,inf
874,SAFE,-1,inf
875,SAFE,-1,inf
876,SAFE,-1,inf
877,SAFE,-1,inf
878,SAFE,-1,inf
879,SAFE,-1,inf
880,SAFE,-1,inf
881,SAFE,-1,inf
882,SAFE,-1,inf
883,SAFE,-1,inf
884,SAFE,-1,inf
885,SAFE,-1,inf
886,SAFE,-1,inf
887,SAFE,-1,inf
888,SAFE,-1,inf
889,SAFE,-1,inf
890,SAFE,-1,inf
891,SAFE,-1,inf
892,SAFE,-1,inf
893,SAFE,-1,inf
894,SAFE,-1,inf
895,SAFE,-1,inf
896,SAFE,-1,inf
897,SAFE,-1,inf
898,SAFE,-1,inf
899,SAFE,-1,inf
900,SAFE,-1,inf
901,SAFE,-1,inf
902,SAFE,-1,inf
903,SAFE,-1,inf
904,SAFE,-1,inf
905,SAFE,-1,inf
906,SAFE,-1,inf
907,SAFE,-1,inf
908,SAFE,-1,inf
909,SAFE,-1,inf
910,SAFE,-1,inf
911,SAFE,-1,inf
912,SAFE,-1,inf
913,SAFE,-1,inf
914,SAFE,-1,inf
915,SAFE,-1,inf
916,SAFE,-1,inf
917,SAFE,-1,inf
918,SAFE,-1,inf
919,SAFE,-1,inf
920,SAFE,-1,inf
921,SAFE,-1,inf
922,SAFE,-1,inf
923,SAFE,-1,inf
924,SAFE,-1,inf
925,SAFE,-1,inf
926,SAFE,-1,inf
927,SAFE,-1,inf
928,SAFE,-1,inf
929,SAFE,-1,inf
930,SAFE,-1,inf
931,SAFE,-1,inf
932,SAFE,-1,inf
933,SAFE,-1,inf
934,SAFE,-1,inf
935,SAFE,-1,inf
936,SAFE,-1,inf
937,SAFE,-1,inf
938,SAFE,-1,inf
939,SAFE,-1,inf
940,SAFE,-1,inf
941,SAFE,-1,inf
942,SAFE,-1,inf
943,SAFE,-1,inf
944,SAFE,-1,inf
945,SAFE,-1,inf
946,SAFE,-1,inf
947,SAFE,-1,inf
948,SAFE,-1,inf
949,SAFE,-1,inf
950,SAFE,-1,inf
951,SAFE,-1,inf
952,SAFE,-1,inf
953,SAFE,-1,inf
954,SAFE,-1,inf
955,SAFE,-1,inf
956,SAFE,-1,inf
957,SAFE,-1,inf
958,SAFE,-1,inf
959,SAFE,-1,inf
960,SAFE,-1,inf
961,SAFE,-1,inf
962,SAFE,-1,inf
963,SAFE,-1,inf
964,SAFE,-1,inf
965,SAFE,-1,inf
966,SAFE,-1,inf
967,SAFE,-1,inf
968,SAFE,-1,inf
969,SAFE,-1,inf
970,SAFE,-1,inf
971,SAFE,-1,inf
972,SAFE,-1,inf
973,SAFE,-1,inf
974,SAFE,-1,inf
975,SAFE,-1,inf
976,SAFE,-1,inf
977,SAFE,-1,inf
978,SAFE,-1,inf
979,SAFE,-1,inf
980,SAFE,-1,inf
981,SAFE,-1,inf
982,SAFE,-1,inf
983,SAFE,-1,inf
984,SAFE,-1,inf
985,SAFE,-1,inf
986,SAFE,-1,inf
987,SAFE,-1,inf
988,SAFE,-1,inf
989,SAFE,-1,inf
990,SAFE,-1,inf
991,SAFE,-1,inf
992,SAFE,-1,inf
993,SAFE,-1,inf
994,SAFE,-1,inf
995,SAFE,-1,inf
996,SAFE,-1,inf
997,SAFE,-1,inf
998,SAFE,-1,inf
999,SAFE,-1,inf
1000,SAFE,-1,inf
1001,SAFE,-1,inf
1002,SAFE,-1,inf
1003,SAFE,-1,inf
1004,SAFE,-1,inf
1005,SAFE,-1,inf
1006,SAFE,-1,inf
1007,SAFE,-1,inf
1008,SAFE,-1,inf
1009,SAFE,-1,inf
1010,SAFE,-1,inf
1011,SAFE,-1,inf
1012,SAFE,-1,inf
1013,SAFE,-1,inf
1014,SAFE,-1,inf
1015,SAFE,-1,inf
1016,SAFE,-1,inf
1017,SAFE,-1,inf
1018,SAFE,-1,inf
1019,SAFE,-1,inf
1020,SAFE,-1,inf
1021,SAFE,-1,inf
1022,SAFE,-1,inf
1023,SAFE,-1,inf
1024,SAFE,-1,inf
1025,SAFE,-1,inf
1026,SAFE,-1,inf
1027,SAFE,-1,inf
1028,SAFE,-1,inf
1029,SAFE,-1,inf
1030,SAFE,-1,inf
1031,SAFE,-1,inf
1032,SAFE,-1,inf
1033,SAFE,-1,inf
1034,SAFE,-1,inf
1035,SAFE,-1,inf
1036,SAFE,-1,inf
1037,SAFE,-1,inf
1038,SAFE,52,3.172
1039,SAFE,52,3.226
1040,SAFE,52,3.259
1041,SAFE,52,3.427
1042,SAFE,52,3.581
1043,SAFE,52,3.864
1044,SAFE,52,3.771
1045,SAFE,52,3.753
1046,SAFE,52,3.405
1047,SAFE,52,3.651
1048,SAFE,52,inf
1049,CAUTION,52,3.275
1050,CAUTION,52,3.082
1051,CAUTION,52,2.991
1052,CAUTION,52,2.908
1053,CAUTION,52,3.010
1054,CAUTION,52,2.988
1055,CAUTION,52,2.921
1056,CAUTION,52,2.871
1057,CAUTION,52,2.920
1058,CAUTION,52,inf
1059,CAUTION,52,inf
1060,CAUTION,52,inf
1061,CAUTION,52,inf
1062,CAUTION,52,inf
1063,CAUTION,52,inf
1064,SAFE,52,inf
1065,SAFE,52,inf
1066,SAFE,52,inf
1067,SAFE,52,inf
1068,SAFE,52,inf
1069,SAFE,52,inf
1070,SAFE,52,inf
1071,SAFE,52,inf
1072,SAFE,52,inf
1073,SAFE,52,inf
1074,SAFE,52,inf
1075,SAFE,52,inf
1076,SAFE,52,inf
1077,SAFE,52,inf
1078,SAFE,52,inf
1079,SAFE,52,inf
1080,SAFE,52,inf
1081,SAFE,52,1.851
1082,SAFE,52,1.798
1083,DANGER,52,1.710
1084,DANGER,-1,inf
1085,DANGER,-1,inf
1086,DANGER,-1,inf
1087,DANGER,-1,inf
1088,DANGER,-1,inf
1089,DANGER,-1,inf
1090,SAFE,-1,inf
1091,SAFE,-1,inf
1092,SAFE,-1,inf
1093,SAFE,-1,inf
1094,SAFE,-1,inf
1095,SAFE,-1,inf
1096,SAFE,-1,inf
1097,SAFE,-1,inf
1098,SAFE,-1,inf
1099,SAFE,-1,inf
1100,SAFE,-1,inf
1101,SAFE,-1,inf
1102,SAFE,-1,inf
1103,SAFE,-1,inf
1104,SAFE,-1,inf
1105,SAFE,-1,inf
1106,SAFE,-1,inf
1107,SAFE,-1,inf
1108,SAFE,-1,inf
1109,SAFE,-1,inf
1110,SAFE,-1,inf
1111,SAFE,-1,inf
1112,SAFE,-1,inf
1113,SAFE,-1,inf
1114,SAFE,-1,inf
1115,SAFE,-1,inf
1116,SAFE,-1,inf
1117,SAFE,-1,inf
1118,SAFE,-1,inf
1119,SAFE,-1,inf
1120,SAFE,-1,inf
1121,SAFE,-1,inf
1122,SAFE,-1,inf
1123,SAFE,-1,inf
1124,SAFE,-1,inf
1125,SAFE,-1,inf
1126,SAFE,-1,inf
1127,SAFE,-1,inf
1128,SAFE,-1,inf
1129,SAFE,-1,inf
1130,SAFE,-1,inf
1131,SAFE,-1,inf
1132,SAFE,-1,inf
1133,SAFE,-1,inf
1134,SAFE,-1,inf
1135,SAFE,-1,inf
1136,SAFE,-1,inf
1137,SAFE,-1,inf
1138,SAFE,-1,inf
1139,SAFE,-1,inf
1140,SAFE,-1,inf
1141,SAFE,-1,inf
1142,SAFE,-1,inf
1143,SAFE,-1,inf
1144,SAFE,-1,inf
1145,SAFE,-1,inf
1146,SAFE,-1,inf
1147,SAFE,-1,inf
1148,SAFE,-1,inf
1149,SAFE,-1,inf
1150,SAFE,-1,inf
1151,SAFE,-1,inf
1152,SAFE,-1,inf
1153,SAFE,-1,inf
1154,SAFE,-1,inf
1155,SAFE,-1,inf
1156,SAFE,-1,inf
1157,SAFE,-1,inf
1158,SAFE,-1,inf
1159,SAFE,-1,inf
1160,SAFE,-1,inf
1161,SAFE,-1,inf
1162,SAFE,-1,inf
1163,SAFE,-1,inf
1164,SAFE,-1,inf
1165,SAFE,-1,inf
1166,SAFE,-1,inf
1167,SAFE,-1,inf
1168,SAFE,-1,inf
1169,SAFE,-1,inf
1170,SAFE,-1,inf
1171,SAFE,-1,inf
1172,SAFE,-1,inf
1173,SAFE,-1,inf
1174,SAFE,-1,inf
1175,SAFE,-1,inf
1176,SAFE,-1,inf
1177,SAFE,-1,inf
1178,SAFE,-1,inf
1179,SAFE,-1,inf
1180,SAFE,-1,inf
1181,SAFE,-1,inf
1182,SAFE,-1,inf
1183,SAFE,-1,inf
1184,SAFE,-1,inf
1185,SAFE,-1,inf
1186,SAFE,-1,inf
1187,SAFE,-1,inf
1188,SAFE,-1,inf
1189,SAFE,-1,inf
1190,SAFE,-1,inf
1191,SAFE,-1,inf
1192,SAFE,-1,inf
1193,SAFE,-1,inf
1194,SAFE,-1,inf
1195,SAFE,-1,inf
1196,SAFE,-1,inf
1197,SAFE,-1,inf
1198,SAFE,-1,inf
1199,SAFE,-1,inf
1200,SAFE,-1,inf
1201,SAFE,-1,inf
1202,SAFE,-1,inf
1203,SAFE,-1,inf
1204,SAFE,-1,inf
1205,SAFE,-1,inf
1206,SAFE,-1,inf
1207,SAFE,-1,inf
1208,SAFE,-1,inf
1209,SAFE,-1,inf
1210,SAFE,-1,inf
1211,SAFE,-1,inf
1212,SAFE,-1,inf
1213,SAFE,-1,inf
1214,SAFE,-1,inf
1215,SAFE,-1,inf
1216,SAFE,-1,inf
1217,SAFE,-1,inf
1218,SAFE,-1,inf
1219,SAFE,-1,inf
1220,SAFE,-1,inf
1221,SAFE,-1,inf
1222,SAFE,-1,inf
1223,SAFE,-1,inf
1224,SAFE,-1,inf
1225,SAFE,-1,inf
1226,SAFE,-1,inf
1227,SAFE,-1,inf
1228,SAFE,-1,inf
1229,SAFE,-1,inf
1230,SAFE,-1,inf
1231,SAFE,-1,inf
1232,SAFE,-1,inf
1233,SAFE,-1,inf
1234,SAFE,-1,inf
1235,SAFE,-1,inf
1236,SAFE,-1,inf
1237,SAFE,-1,inf
1238,SAFE,-1,inf
1239,SAFE,-1,inf
1240,SAFE,-1,inf
1241,SAFE,-1,inf
1242,SAFE,-1,inf
1243,SAFE,-1,inf
1244,SAFE,-1,inf
1245,SAFE,-1,inf
1246,SAFE,-1,inf
1247,SAFE,-1,inf
1248,SAFE,-1,inf
1249,SAFE,-1,inf
1250,SAFE,-1,inf
1251,SAFE,-1,inf
1252,SAFE,-1,inf
